time,wind_speed,wind_angle,battery_voltage,battery_current,position_x,position_y,position_z,orientation_x,orientation_y,orientation_z,orientation_w,velocity_x,velocity_y,velocity_z,angular_x,angular_y,angular_z,linear_acceleration_x,linear_acceleration_y,linear_acceleration_z
0.0,0.699999988079071,210.0,24.39996337890625,0.007951773703098297,-79.78279641509043,40.45902869086158,266.64723728942874,0.0016836109571158884,0.004605230875313282,-0.7991645932197571,0.6010922789573669,0.0026182909116592287,-0.023695598210882948,-0.03559227884154033,-0.0002823912655003369,-0.00041976824286393816,-0.004306849092245102,-0.05303240500856191,-0.07904353827238084,-9.807182226777078
0.11,0.699999988079071,213.0,24.41498947143555,0.007951773703098297,-79.78279644303147,40.45902869480897,266.64368461418155,0.0016836109571158884,0.004605230875313282,-0.7991645932197571,0.6010922789573669,0.002627081644285553,-0.02396549441941264,-0.03560608483609857,-0.0024211842101067305,0.002746346639469266,0.0017245726194232702,-0.05447382589336485,-0.07909040736034513,-9.80647822201252
0.3,0.8999999761581421,222.0,24.40998077392578,-0.007951773703098297,-79.78279649989757,40.45902870389325,266.6231443767548,0.001678668544627726,0.004607159644365311,-0.7991651296615601,0.6010916233062744,4.764934908874733e-06,-0.02013643549950535,-0.03501883003537886,-0.002295376732945442,0.0014201883459463716,-0.00012964586494490504,-0.053190106241963804,-0.07822860999964178,-9.805333921909332
0.4,1.0,220.0,24.39620780944824,0.03180709481239319,-79.78279655223126,40.4590286933291,266.6061730270386,0.0016809660010039804,0.004608449526131153,-0.7991650104522705,0.6010916829109192,0.0021820181539388105,-0.02009188354541457,-0.03466573325648208,0.0009846306638792157,0.0015667384723201394,0.0014644707553088665,-0.05125195525120944,-0.07671586222015321,-9.806157209873199
0.6,1.100000023841858,218.0,24.41373634338379,0.03180709481239319,-79.78279659955065,40.459028699827755,266.5992414836884,0.0016811849782243367,0.004608928225934506,-0.7991638779640198,0.6010931730270386,0.0022583938622640354,-0.02013943934893153,-0.03488673257940675,-0.0011381137883290648,-0.002311811549589038,-0.0011803570669144392,-0.05346399804577232,-0.07911464589647949,-9.809801779389383
0.7,1.100000023841858,216.0,24.40246772766113,0.015903547406196594,-79.78279665286182,40.459028741714505,266.5842215900421,0.0016748460475355387,0.004599637817591429,-0.7991629838943481,0.6010944843292236,-0.006510716627326768,-0.023009420460482176,-0.03112238445044437,-0.003652387298643589,0.002963745268061757,0.0013970766449347134,-0.05144684112165124,-0.07902248829603195,-9.807672808170318
0.9,1.100000023841858,210.0,24.40998077392578,0.007951773703098297,-79.78279670108034,40.45902876508218,266.577980506897,0.0016748460475355387,0.004599637817591429,-0.7991629838943481,0.6010944843292236,-0.0063738793228251475,-0.02312426938484941,-0.03148530005312023,-0.00028550776187330484,0.0008188178762793541,-0.00011844449909403922,-0.055272861616685987,-0.08290984516963364,-9.805049162507057
1.0,1.100000023841858,216.0,24.40622520446777,0.015903547406196594,-79.78279675046329,40.459028718582466,266.5637049560546,0.0016830192180350425,0.004609712399542332,-0.7991622686386108,0.6010953187942505,0.0033627790423328787,-0.020487307344847508,-0.027364559098885088,-0.0025928195100277662,0.0006762251141481103,-0.0031401896849274635,-0.05141777406446636,-0.07862236515618863,-9.807673392891882
1.2,1.100000023841858,218.0,24.412485122680664,0.007951773703098297,-79.78279680997953,40.4590287424751,266.54581140327457,0.0016776234842836855,0.004607046954333782,-0.7991610169410706,0.601097047328949,-0.0010270260534169004,-0.019384593693997323,-0.02675617680365908,-0.004886963870376349,0.00393047695979476,0.005698124412447214,-0.05437553328461946,-0.07663014569319786,-9.803890244364739
1.3,1.100000023841858,220.0,24.39495658874512,0.007951773703098297,-79.78279683162626,40.45902874849926,266.5431337242127,0.0016776234842836855,0.004607046954333782,-0.7991610169410706,0.601097047328949,-0.0010480298328416546,-0.019457769991231003,-0.02701087129507319,0.002229444915428757,-0.002592399716377259,-0.005294145084917545,-0.0534903242206201,-0.08153766810894013,-9.80523334980011
1.5,1.100000023841858,221.0,24.411231994628906,0.0,-79.78279687691989,40.45902872184172,266.53039501953134,0.0016800056910142305,0.004616877529770136,-0.7991622090339661,0.6010953187942505,0.004636064157087073,-0.014371758788287043,-0.016659398057455258,-0.0009601846686564387,0.0024479669518768787,-0.006486290600150825,-0.05002131735440344,-0.07957877777516842,-9.807640063762666
1.6,1.0,217.0,24.4074764251709,0.06361418962478638,-79.78279689486274,40.4590287213946,266.5287241821289,0.0016800056910142305,0.004616877529770136,-0.7991622090339661,0.6010953187942505,0.005034509488870972,-0.01438897453579538,-0.016980262161799792,0.005121773574501276,0.0010268830228596926,0.0037509230896830563,-0.050884224772453315,-0.07649734080769123,-9.805698203444482
1.8,1.0,217.0,24.4074764251709,0.0,-79.78279692142503,40.459028738560974,266.5151808147431,0.0016725987661629913,0.0046167131513357145,-0.7991648316383362,0.6010919809341431,-7.732112949080252e-05,-0.010633609594820272,-0.012102936641171059,0.0039547309279441825,0.0014606025069952011,-0.00013045169180259109,-0.05348531297408045,-0.07914363529533149,-9.807655266523364
1.9,0.8999999761581421,220.0,24.40372085571289,0.0,-79.78279695775628,40.45902873551589,266.50128768730167,0.0016739912098273635,0.004617542494088411,-0.7991647720336914,0.6010920405387878,0.0011853291794373172,-0.010458035663696031,-0.01201265999389046,-0.001328669604845345,0.001010794541798532,0.0009177609463222324,-0.053569942284375435,-0.07986890017054975,-9.808452242016793
2.1,0.8000000119209291,227.0,24.40622520446777,0.007951773703098297,-79.7827969822775,40.45902873888573,266.49885486412046,0.0016738313715904953,0.0046179648488759995,-0.7991642951965332,0.6010926961898804,0.001287238165862608,-0.010341441157226305,-0.012385515884007952,0.004049408249557018,-0.002167900325730443,0.004540948197245598,-0.05206744997296483,-0.08322689216583967,-9.806485823392867
2.2,0.8999999761581421,227.0,24.40121650695801,0.007951773703098297,-79.78279702812925,40.4590287517816,266.48397206115726,0.001674961531534791,0.004614210221916437,-0.7991653084754944,0.6010913252830505,0.000107162800050923,-0.01342627433869498,-0.014973433020430697,-0.006069098133593798,0.0003142909845337272,0.0001587094593560323,-0.05483542136382312,-0.08058328374288977,-9.808124213218688
2.4,1.0,232.0,24.41373634338379,0.007951773703098297,-79.7827970765839,40.45902875525234,266.46750091362003,0.0016753212548792362,0.004615874495357275,-0.7991656064987183,0.6010909080505371,0.001516373829668042,-0.012090153453895624,-0.017722448406894274,-0.004254849627614021,-0.0014132056385278706,0.0033766431733965874,-0.051919318987056616,-0.07542926464229822,-9.805468992590905
2.5,1.100000023841858,234.0,24.40622520446777,0.0,-79.78279709102559,40.45902875704354,266.46571539688114,0.0016753212548792362,0.004615874495357275,-0.7991656064987183,0.6010909080505371,0.0015429818561349766,-0.012282672856448856,-0.01806991086698247,0.0008036805083975196,-0.0029229298233985897,-0.003972424194216728,-0.05563827148173005,-0.07831647355109454,-9.803553444743157
2.7,1.2000000476837158,222.0,24.40246772766113,0.0,-79.78279715639061,40.459028760074666,266.44702266502384,0.0016785426996648312,0.0046143801882863045,-0.7991648316383362,0.6010918617248535,0.0031928320539484608,-0.01507157347723914,-0.023526251105905,-0.0035238373093307023,0.000762107374612242,-0.010935860686004162,-0.051549473460763696,-0.07907218049280346,-9.808439378142356
2.81,1.2999999523162842,223.0,24.392452239990234,0.007951773703098297,-79.78279717469186,40.459028761137475,266.4446697120667,0.0016785426996648312,0.0046143801882863045,-0.7991648316383362,0.6010918617248535,0.0036361075860745326,-0.015198565664525153,-0.02371307009542207,0.004098372533917427,0.002200392074882984,0.003598054638132453,-0.05220425654668361,-0.07615836675278842,-9.805627452135086
3.0,1.5,215.0,24.3974609375,0.015903547406196594,-79.7827972446693,40.45902876260768,266.427751291275,0.001680683228187263,0.004613377619534731,-0.7991623878479004,0.6010950803756714,0.004522584114480296,-0.016844756913880068,-0.023648724979551658,0.0049001723527908325,-0.0017736592562869191,-0.0006197889451868832,-0.052571735777892176,-0.08097889356315137,-9.808135322928427
3.1,1.5,213.0,24.404972076416016,0.015903547406196594,-79.7827972654314,40.45902876304139,266.42539190101627,0.001680683228187263,0.004613377619534731,-0.7991623878479004,0.6010950803756714,0.0046161184995788355,-0.0169849002595807,-0.02358827282033324,-0.005896506831049919,-0.0005053097265772521,0.005652416031807661,-0.05399488411378117,-0.07734754423610866,-9.807990311980248
3.3,1.7000000476837158,214.0,24.40622520446777,0.0,-79.78279731209946,40.459028781554,266.40734289932254,0.0016775773838162422,0.004612764809280635,-0.7991635203361511,0.6010936498641968,0.002214937750452628,-0.01591438713639203,-0.026127022153525543,-0.0003466463240329176,0.002077138517051935,0.0009629979031160477,-0.05344410837627949,-0.07866583555005491,-9.805248552560807
3.41,1.7999999523162842,213.0,24.4074764251709,0.0,-79.78279733661779,40.45902878187767,266.3952453022004,0.001675855601206422,0.004614463075995445,-0.7991636395454407,0.6010935306549072,0.0023810721176201364,-0.01393547594415036,-0.02137759574778099,0.0012611026177182796,-0.0011693208944052458,-0.004760642070323229,-0.05381356561090799,-0.0817056933324784,-9.806521491408349
3.6,1.7999999523162842,211.0,24.412485122680664,0.007951773703098297,-79.78279737009166,40.4590287847628,266.39095329093936,0.001676113111898303,0.004614937584847212,-0.7991640567779541,0.6010929942131042,0.002410738991729129,-0.01411108904525622,-0.02169561604567016,-0.005793222226202488,-0.002391216810792685,-0.006872070021927357,-0.05055376572534442,-0.07817431312054396,-9.806460095643995
3.71,1.7999999523162842,208.0,24.40998077392578,0.007951773703098297,-79.78279741591959,40.45902881724267,266.3751382713318,0.0016735718818381429,0.004607518669217825,-0.799163818359375,0.6010933518409729,-0.0025153195039127533,-0.017663795193402325,-0.02562072528244827,0.0008466395083814857,0.003311472712084651,0.0036378165241330853,-0.051234929803758864,-0.0756919416692108,-9.805307024717331
3.9,1.7999999523162842,207.0,24.40372085571289,0.0,-79.78279745551816,40.4590288211847,266.35910080719,0.0016731161158531904,0.004612335469573736,-0.7991639375686646,0.6010931730270386,3.5919242939798555e-06,-0.014301939810973913,-0.0243304610463421,0.0040773372165858746,-0.0034141947980970144,0.0008976317476481199,-0.05184042725712061,-0.081593865333125,-9.807931839823723
4.0,1.7999999523162842,204.0,24.40121650695801,0.0,-79.78279747188357,40.45902882496463,266.3566732292176,0.0016732921358197927,0.004612818825989962,-0.7991611361503601,0.6010968685150146,-3.661785510648868e-07,-0.01428763841799808,-0.024360479002867228,-0.003569801338016987,-0.00022648752201348546,0.002701213816180825,-0.052846358483657235,-0.08019061580300331,-9.80716468513012
4.2,1.7999999523162842,206.0,24.40998077392578,0.015903547406196594,-79.78279751308442,40.45902884266136,266.33946822929386,0.0016715778037905693,0.0046119107864797115,-0.7991610169410706,0.601097047328949,-0.0014442719958784054,-0.014246988703714747,-0.026656487563268855,-0.002696050330996513,0.00034552457509562373,0.0029825030360370874,-0.0552628893731162,-0.07659157691057772,-9.803899015188216
4.3,2.0,209.0,24.40622520446777,0.0,-79.78279752870003,40.459028847735965,266.3368022327424,0.0016715778037905693,0.0046119107864797115,-0.7991610169410706,0.601097047328949,-0.0015228768137377387,-0.01441854557185454,-0.02680696857867814,-0.001768406946212053,0.0006066813366487622,-0.002631784183904529,-0.05206106828525663,-0.0831131455488503,-9.805227502584458
4.5,2.0999999046325684,210.0,24.412485122680664,0.02385532110929489,-79.78279759080844,40.45902885139726,266.3212773685456,0.001676118583418429,0.0046117501333355895,-0.7991617918014526,0.6010961532592773,0.0013285648855046873,-0.016281647650611485,-0.02532941965112807,-0.0025575309991836552,0.0013905506348237395,-0.003259811084717512,-0.04686375238001347,-0.0769941440038383,-9.80690506875515
4.6,2.200000047683716,205.0,24.4074764251709,0.02385532110929489,-79.78279760979159,40.459028854479385,266.3187413101197,0.001676118583418429,0.0046117501333355895,-0.7991617918014526,0.6010961532592773,0.0016614192110551733,-0.016447982793257678,-0.025537600540973624,-0.0010491249850019813,0.0014906449941918256,0.0021894678939133887,-0.055459191366098816,-0.07393140442203731,-9.804072677493096
4.8,2.299999952316284,202.0,24.3974609375,0.0,-79.78279764782913,40.45902889632693,266.30332039642343,0.0016693593934178352,0.004607188515365125,-0.7991625070571899,0.6010951399803162,-0.004506501824943486,-0.01623436963545196,-0.02495275602622767,0.0064058746211230755,0.001901315408758819,0.002541820053011179,-0.052033842187374835,-0.0813100012857467,-9.807700290083886
4.9,2.299999952316284,200.0,24.4074764251709,0.007951773703098297,-79.78279769248773,40.45902889969248,266.29030703353885,0.0016744376625865698,0.004608618095517159,-0.7991622686386108,0.60109543800354,-0.0006467709096779074,-0.017899350933761243,-0.023775334935100523,-0.005684175528585911,0.001968065509572625,0.0017435546033084393,-0.05419914380181581,-0.07992907167412341,-9.808525332212447
5.1,2.4000000953674316,200.0,24.412485122680664,0.015903547406196594,-79.78279773264354,40.45902890940262,266.2854967002869,0.0016746292822062974,0.004609081894159317,-0.7991604208946228,0.6010978817939758,-0.00014470968310893492,-0.01770671984936384,-0.02423046227844621,-0.0020992832724004984,0.003036572365090251,-0.0010242154821753502,-0.052742652632296085,-0.08034025884233416,-9.805597046613693
5.21,2.5,200.0,24.40246772766113,0.0,-79.7827977312626,40.45902889874185,266.2749369029999,0.0016728111077100039,0.004618464969098568,-0.7991607785224915,0.6010973453521729,0.003658312099859228,-0.010924064939065378,-0.02026064884357172,0.0023252677638083696,0.00037843373138457537,0.002740344498306513,-0.0530894382018596,-0.073740766919218,-9.80356046140194
5.4,2.700000047683716,194.0,24.411231994628906,0.02385532110929489,-79.78279776696411,40.459028908403155,266.26166700172433,0.0016723178559914233,0.0046181660145521155,-0.7991617918014526,0.601095974445343,0.003175781605131227,-0.010533443718659349,-0.017881186910746576,0.00534863444045186,0.0005662609473802147,-0.002329095266759396,-0.052693504043854776,-0.08482129083015025,-9.807346533536911
5.5,2.799999952316284,192.0,24.4074764251709,0.007951773703098297,-79.78279778007828,40.45902890838597,266.25987767028806,0.0016723178559914233,0.0046181660145521155,-0.7991617918014526,0.601095974445343,0.0032882012969369426,-0.010808568748995166,-0.017978030899282734,-0.002757644047960639,-0.003145996481180191,-0.0008408644935116173,-0.05413124757818878,-0.08379461112432182,-9.807556448578834
5.7,2.799999952316284,189.0,24.40372085571289,-0.015903547406196594,-79.7827978127809,40.45902892199467,266.247094619751,0.0016714095836505294,0.004618083592504263,-0.7991654276847839,0.6010911464691162,0.0030549344586632337,-0.010395443039253363,-0.01609978065416813,-0.000952297414187342,-0.0008795298053883016,-0.008304051123559475,-0.051318238922394815,-0.0801851614471525,-9.805033959746359
5.8,2.799999952316284,192.0,24.40622520446777,-0.007951773703098297,-79.78279782544611,40.45902892204352,266.2454898242951,0.0016714095836505294,0.004618083592504263,-0.7991654276847839,0.6010911464691162,0.0031170258088325225,-0.010389586038553895,-0.016032728118061598,-0.0017443278338760138,-0.00129160622600466,0.006271826103329658,-0.047284916359931234,-0.07651319224387408,-9.806963540911672
6.0,2.5999999046325684,186.0,24.412485122680664,0.03180709481239319,-79.7827978843669,40.45902895299359,266.23107861328134,0.001671884790994227,0.004611126147210598,-0.7991656064987183,0.6010909080505371,0.0008264530789569638,-0.01456135953042174,-0.018739662922285457,0.003249655943363905,-0.0004730212385766208,0.003814070485532284,-0.05060583335347474,-0.08414785603992643,-9.806553066372873
6.11,2.5999999046325684,184.0,24.40372085571289,0.03180709481239319,-79.7827979011939,40.459028956246414,266.22920368957523,0.001671884790994227,0.004611126147210598,-0.7991656064987183,0.6010909080505371,0.000683455103186299,-0.014769550832064122,-0.01882365082706864,-0.002528306795284152,0.002155634807422757,-0.009840955026447771,-0.05509559048339725,-0.08182265591807664,-9.805418706536294
6.3,2.4000000953674316,188.0,24.39495658874512,-0.007951773703098297,-79.78279793634042,40.459028982224396,266.21702812957767,0.0016697393730282786,0.004610227420926094,-0.7991681694984436,0.6010875701904297,-0.0012852487008454573,-0.014305873268825318,-0.017615977201531553,-0.003358166432008147,5.3206065786071115e-05,-0.002173523185774684,-0.050402683722786605,-0.07630620537791402,-9.806229130625725
6.41,2.4000000953674316,187.0,24.3974609375,-0.015903547406196594,-79.78279796922492,40.45902899543803,266.2051372413636,0.001672573620453477,0.004610160831362009,-0.799168050289154,0.6010876893997192,0.0011749336927855474,-0.016073435101708257,-0.01916982862845364,0.005027038510888815,-0.0012213612208142874,0.004489189945161343,-0.053603824158199136,-0.076448333831504,-9.805819240808487
6.6,2.4000000953674316,186.0,24.40622520446777,0.0,-79.78279800658784,40.459029001834175,266.20130156326303,0.0016728375339880586,0.004610602743923664,-0.7991693019866943,0.6010860204696655,0.001370616337777593,-0.0162156535057897,-0.019489501082089473,0.0037831419613212334,0.001696013379842043,-0.0004881138738710434,-0.05357171928975731,-0.078270079549402,-9.8088878595829
6.7,2.5,187.0,24.41373634338379,0.007951773703098297,-79.78279798867872,40.459028992916295,266.19203518676755,0.001669818884693086,0.00462154531851411,-0.7991704940795898,0.6010844707489014,0.004959772498397579,-0.007410142914432091,-0.015603271319841341,-0.004627317655831575,0.0017693195259198546,0.002765163779258728,-0.05353427883703262,-0.08034671818837524,-9.807454122304916
6.9,2.4000000953674316,186.0,24.40998077392578,-0.007951773703098297,-79.78279803442985,40.45902903895172,266.17884229469297,0.0016672933707013724,0.004609676543623209,-0.7991703748703003,0.6010846495628357,-0.001730749128465874,-0.01391428758572803,-0.018262603516250888,-0.002496509347110987,-0.0014071183977648616,0.006338897626847029,-0.051424589725211266,-0.0795645525958389,-9.805350878834725
7.0,2.4000000953674316,190.0,24.398712158203125,0.0,-79.78279804964696,40.45902904406551,266.1770183925629,0.0016675149090588093,0.004610137548297644,-0.7991697192192078,0.6010855436325073,-0.001745371971710182,-0.013907915847024336,-0.018464389488169468,0.004207405261695385,0.0009578206809237599,0.0006016657571308316,-0.05246397342067212,-0.08321930905804037,-9.804216518998146
7.2,2.4000000953674316,188.0,24.40998077392578,0.02385532110929489,-79.78279807729022,40.45902906368333,266.1630518321992,0.0016679022228345275,0.004612139891833067,-0.7991693615913391,0.601085901260376,-0.0005065101888632359,-0.012762660109955441,-0.022540362342022297,-0.003326754551380873,-4.092059043614428e-06,-0.004348840564489365,-0.055095910253003234,-0.07953451252542436,-9.807144219875335
7.3,2.4000000953674316,189.0,24.324840545654297,0.9701164364814758,-79.7827980916454,40.45902906728719,266.16079353141794,0.0016679022228345275,0.004612139891833067,-0.7991693615913391,0.601085901260376,-3.159984589259395e-05,-0.012569783374631731,-0.02274358007542932,-0.0009586951346136633,0.0016761827282607555,0.006380238570272922,-0.0517337612528354,-0.08442912538535892,-9.806114525198938
7.5,2.299999952316284,192.0,24.3536376953125,0.326022744178772,-79.78279811553476,40.45902908930598,266.14820359992984,0.0016670862678438425,0.004614422097802161,-0.799157977104187,0.6011011004447937,0.0006166239688889125,-0.011681968768311565,-0.02254262103160724,0.005503126420080662,0.00021721504162997007,-0.008499390445649624,-0.05320553284138441,-0.0890724724251777,-9.807038969993592
7.61,2.200000047683716,191.0,24.342369079589844,0.3101191818714142,-79.7827981289858,40.45902909170748,266.1459507827759,0.0016723808366805315,0.004632181953638792,-0.7991312742233276,0.6011365056037903,0.0009084211457628237,-0.011992750015973223,-0.02269393170946101,0.0015154209686443212,0.003110286081209779,0.002063319319859147,-0.056194044761359696,-0.08929718823172153,-9.809443929791447
7.8,2.4000000953674316,190.0,24.356142044067386,0.3101191818714142,-79.78279815005776,40.459029127276985,266.1333923225403,0.0016790445661172269,0.004639046266674995,-0.7991256117820741,0.6011439561843872,-0.001764685526375525,-0.011465375898617548,-0.022789622128667253,-0.003841774770990014,0.0008532916544936597,-0.011325430124998093,-0.05103128681425005,-0.07948981787078083,-9.801327409744264
7.91,2.4000000953674316,192.0,24.358646392822266,0.3101191818714142,-79.78279815699493,40.45902914779336,266.1234512214661,0.001684503396973014,0.004656242672353983,-0.7991355061531067,0.6011306643486023,0.000586156665060599,-0.010444486648243856,-0.022340976118786014,0.0018154877470806239,0.0032530794851481915,0.005230143200606108,-0.04836780242621898,-0.07429944096598774,-9.80038425385952
8.1,2.5,192.0,24.351133346557607,0.3975887000560761,-79.78279818147254,40.45902915318521,266.1189482097626,0.0016809040680527687,0.00463987747207284,-0.7991288304328918,0.6011396050453186,-0.00011724720163608523,-0.01048337873266475,-0.022791985449667283,0.005569461733102799,0.000524480186868459,-0.003401746042072773,-0.05072357252240181,-0.0818899811245501,-9.810057302713394
8.2,2.299999952316284,193.0,24.332353591918945,0.41349223256111145,-79.78279818517551,40.45902917475685,266.1098043804169,0.0017050398746505382,0.00461638905107975,-0.7991432547569275,0.6011204719543457,0.00012127523410159582,-0.010944640170731802,-0.022449057204858573,-0.008175005204975605,0.002039341488853097,0.006430673412978649,-0.06011880097445101,-0.09145835568197072,-9.80109761416912
8.4,2.5999999046325684,198.0,22.57071876525879,28.125423431396484,-79.78279819924406,40.45902920949598,266.10027979660043,0.0017075174255296588,0.004615130834281445,-0.7991254329681396,0.6011442542076111,-0.002249410033236217,-0.010622444668655712,-0.01933550978709242,0.002022567205131054,-0.004114143084734678,0.002984051126986742,-0.051229804353788495,-0.08252644141204656,-9.792233819961547
8.5,2.700000047683716,196.0,23.67377471923828,2.520712375640869,-79.78279821233971,40.459029213066025,266.09858607101444,0.00199536606669426,0.004639969673007728,-0.799146831035614,0.6011146903038025,-0.0003382853258066211,-0.011480722079518123,-0.016318743865456842,-0.008130716159939766,-0.005166388116776943,-0.02125723473727703,0.012813018505694343,-0.14563562267459929,-9.806651299595831
8.7,2.799999952316284,202.0,24.32233619689941,0.2465049922466278,-79.78279824146536,40.459029246723574,266.0873036270142,0.0022604139521718025,0.004772635642439127,-0.7991916537284851,0.6010531783103943,0.000785916635899902,-0.012949154282327744,-0.022562499082621337,-0.005433681420981884,-0.0216393880546093,-0.018986776471138,-0.029996074684895575,-0.05837900307029487,-9.807713738679887
8.8,2.9000000953674316,203.0,22.80986022949219,19.012691497802734,-79.78279825778004,40.459029250841105,266.08513807106016,0.0022508203983306885,0.004826391581445932,-0.7991175651550293,0.6011512279510498,-0.00458041190200976,-0.012116585740565957,-0.02152254174694184,-0.02949588373303413,-0.02725725434720516,-0.0017961307894438503,-0.01628063780022785,-0.04138974440284074,-9.857485238313677
9.0,3.0,203.0,24.229684829711914,0.4293957948684693,-79.78279828364748,40.459029298271325,266.0754797344208,0.0024226538371294733,0.004949679132550955,-0.7991958260536194,0.6010455489158629,-0.0068979187719458756,-0.014681068180673646,-0.0193819640744454,-0.02582237683236599,0.0085524320602417,-0.032493192702531815,-0.06289710092358293,-0.1425240725465119,-9.797488127946854
9.1,3.2000000476837163,204.0,24.32108497619629,0.2465049922466278,-79.78279830096427,40.45902930657487,266.0733971481324,0.0023186486214399338,0.0048683867789804935,-0.7991806864738464,0.6010667681694031,0.0006193822775982143,-0.017428996239545917,-0.02124252041240381,0.017288045957684517,0.02288697473704815,-0.0063131125643849356,-0.055577533529140064,-0.10656191471032796,-9.782939670681953
9.3,3.0999999046325684,209.0,24.2509708404541,1.900473952293396,-79.78279828058984,40.459029322531656,266.06576870727537,0.002077506622299552,0.0046989289112389105,-0.7991878390312195,0.6010594964027405,-0.0002821218444985096,-0.009270663065593002,-0.018753005181086708,0.005255605559796095,-0.014843060635030268,-0.01531592942774296,-0.026289625181816517,-0.07809373117983341,-9.823570218086244
9.4,3.0999999046325684,209.0,23.96174621582031,4.087211608886719,-79.78279829967822,40.45902935626193,266.0575702075958,0.0020628729835152626,0.00462953792884946,-0.7991786003112793,0.6010723114013672,-0.00047967097149570487,-0.017589407804522856,-0.02264808371905129,0.009037409909069538,-0.012188879773020744,-0.004589398391544819,-0.04537875146605075,-0.052421243065036836,-9.81630563735962
9.6,3.2000000476837163,210.0,23.67502593994141,5.8445539474487305,-79.78279833824324,40.45902936685855,266.05323146629337,0.002144000958651304,0.0046556987799704075,-0.7992343306541443,0.6009976863861084,0.0008842856446290489,-0.015409764524676453,-0.02205205099537628,-0.005926180165261029,-0.01758785359561443,0.01855763606727124,-0.011998764033196494,-0.053609333331696686,-9.830348310470582
9.7,3.299999952316284,210.0,23.517269134521484,6.75105619430542,-79.78279836670228,40.459029383331966,266.044789302826,0.002358781173825264,0.004896384198218584,-0.799294114112854,0.6009154915809631,0.0045252105233732605,-0.02490008858156221,-0.02689033161113104,0.03449239581823349,0.0071432492695748815,-0.025084737688303,-0.0709739786759019,-0.05990339959971608,-9.73411951303482
9.9,3.4000000953674316,205.0,23.23931312561035,9.271768569946287,-79.78279841211325,40.459029380718455,266.0327701454163,0.003028746461495757,0.00507692713290453,-0.7993385791778564,0.600851833820343,0.01774182165980493,-0.02279792651431082,-0.030896233802622908,0.06339124590158463,0.02290990203619004,-0.10559453815221786,-0.058309211069718016,-0.1629379266500473,-9.771038832664493
10.0,3.4000000953674316,205.0,23.056514739990234,10.655377388000488,-79.78279844304231,40.45902937618705,266.0295631771088,0.0034169622231274843,0.005342227406799793,-0.7993915677070618,0.6007770299911499,0.007060968946517852,-0.016360108281721124,-0.027494966316841,-0.11471759527921675,0.03483545780181885,0.11358042061328888,-0.1527551467716694,-0.0784834846481681,-9.75544606268406
10.2,3.2000000476837163,209.0,22.751012802124023,13.390787124633787,-79.78279849108979,40.45902941545809,266.01757024574283,0.004399095196276903,0.006044350564479828,-0.7993573546409607,0.6008094549179077,0.0008649418874758013,-0.02382833130474836,-0.03403921297544496,-0.031761180609464645,-0.0960371345281601,0.1052555814385414,0.034627144855912784,-0.009281596038490537,-9.850200777053834
10.3,3.299999952316284,207.0,22.571969985961914,14.877769470214846,-79.78279852451304,40.45902941395678,266.0140027885437,0.0049669197760522366,0.006584871094673872,-0.7993948459625244,0.6007494926452637,0.011231195926090674,-0.027286001976180408,-0.03579165832515545,0.06632670760154724,-0.04010622203350067,0.03325928747653961,0.007140807048417628,-0.09089357860386373,-9.878215956687928
10.5,3.0999999046325684,206.0,22.237672805786133,18.034624099731445,-79.7827985500973,40.459029441127186,266.00512896823886,0.007001062389463186,0.007683763746172191,-0.7995707988739014,0.6004819869995117,0.002060766038449474,-0.02607000425229299,-0.027125297777971586,0.01654968596994877,0.010852864943444729,-0.049009185284376144,0.021134820361621686,-0.31830787517130377,-9.874216461181641
10.6,3.0999999046325684,203.0,22.07490539550781,19.37847328186035,-79.78279858226539,40.45902945472113,266.00329564857486,0.006598940119147301,0.0064464453607797605,-0.7996143102645874,0.6004430651664734,-0.012182159103310313,-0.0316545130935643,-0.012097219788357282,-0.02334188669919968,0.07022424042224884,-0.05316592380404472,0.09023055916652084,-0.19412189517170192,-9.687174557447436
10.8,3.0999999046325684,202.0,21.758136749267575,22.57508659362793,-79.782798562863,40.45902949347635,265.9955421571732,0.002830140292644501,0.005538034718483686,-0.7999972105026245,0.5999715328216553,-0.034694791629454436,-0.009980042601093806,-0.02355360528600181,-0.1126277521252632,-0.003996136598289013,-0.11343055218458176,0.1347997453529388,-0.2356527676060796,-9.956555782556537
10.9,3.299999952316284,201.0,21.60163116455078,23.96664619445801,-79.78279855663297,40.459029529842155,265.99134789752964,-0.0014356891624629498,0.0032958476804196835,-0.7981340885162354,0.6024691462516785,-0.053315924129852886,-0.0116915858175853,-0.008221106216387528,-0.18009373545646667,0.007478296291083098,-0.07104626297950745,0.17275076050311328,-0.4104599938541651,-10.419435406923297
11.1,3.4000000953674316,196.0,21.64545249938965,22.82954216003418,-79.78279846493876,40.45902967288481,266.00718306350706,-0.01610318385064602,-0.0017767890822142363,-0.7948892116546631,0.6065382957458496,-0.1435907823459447,0.03888617477397858,0.18987061361228205,-0.17323176562786102,-0.04318571835756302,-0.08511195331811905,0.1377466049976647,-0.4955564235895872,-10.855924208164218
11.21,3.4000000953674316,194.0,21.634183883666992,22.83749389648437,-79.78279843132394,40.45902976253832,266.0141620521546,-0.01816645450890064,-0.005812924820929766,-0.7931604981422424,0.6087139844894409,-0.19499817373187528,0.03852550223209546,0.2581264890347274,-0.06943444907665253,0.09768041968345642,-0.12175779789686204,0.08598928129300476,-0.27712377917021513,-10.492386438846587
11.4,3.4000000953674316,193.0,21.592866897583008,22.439905166625977,-79.7827980842082,40.459030262714045,266.0647926216126,0.002683951519429684,-0.0030401893891394143,-0.7914641499519348,0.6112022995948792,-0.30042332542945244,0.06845694329112444,0.3062141035886209,0.10994841158390044,-0.04942857846617699,-0.09109314531087877,0.24769430425018074,-0.23003056012094025,-10.146499074697497
11.5,3.4000000953674316,196.0,21.656721115112305,22.33653259277344,-79.78279790704944,40.459030523984545,266.0958635692597,0.01157307717949152,0.002014243509620428,-0.7921732664108276,0.6101832389831543,-0.34244236471224776,0.07750605081946335,0.3125432523660888,0.1529829502105713,0.04338663071393967,0.0552673265337944,0.1939117425866425,-0.40229801170527935,-9.711690178513527
11.7,3.4000000953674316,204.0,21.451385498046875,24.88905143737793,-79.78279757674349,40.45903124357276,266.13522027778635,0.029971836134791374,0.006750329863280058,-0.7948819994926453,0.6059857606887817,-0.37243018367675307,0.05819628328811266,0.2309387926211294,0.10245125740766524,-0.04816657677292824,-0.01872190460562706,0.34604947820305826,-0.4496111226081848,-9.76271590590477
11.81,3.4000000953674316,212.0,21.50397109985352,23.38616752624512,-79.78279741758972,40.459031535280715,266.1600265388489,0.034068170934915536,0.008837388828396797,-0.7955755591392517,0.6048312187194824,-0.3521913589288306,0.057375556593905724,0.2313379611080461,0.08097688108682632,-0.055229220539331436,-0.004312865436077118,0.3812130251526833,-0.4550368636474014,-9.981830956935882
12.0,3.4000000953674316,214.0,21.507726669311523,23.632671356201172,-79.78279712239804,40.4590320125155,266.2060904388428,0.0264875590801239,0.014792262576520443,-0.7960178852081299,0.6045124530792236,-0.2874416632326137,0.07152175224688938,0.2584218085487933,-0.17683082818984985,-0.11058668792247772,0.033978797495365136,0.12666518116369846,-0.2810142241045833,-9.910450487136842
12.1,3.4000000953674316,216.0,21.357481002807614,24.02230834960937,-79.78279696665345,40.45903221354378,266.2348515872956,0.02326216734945774,0.01305612176656723,-0.7966112494468689,0.60390305519104,-0.2600578466019051,0.07965946798742904,0.28273386267292816,-0.1313270479440689,0.04541173949837685,-0.0325828418135643,0.316396566554904,-0.3542355801165104,-9.988254708051684
12.3,3.4000000953674316,217.0,21.45889663696289,22.88520622253418,-79.78279659568004,40.459032775833506,266.3030223731995,0.019842499867081642,0.0033189994283020496,-0.7983931303024292,0.6018004417419434,-0.2517875937990448,0.09141106722365644,0.31680269927989435,-0.10067714005708693,0.08862904459238052,-0.01980504393577576,0.2687216409109533,-0.32581273991614584,-9.960030198097227
12.4,3.299999952316284,218.0,21.55655670166016,22.718217849731445,-79.7827963573556,40.459033096592,266.34487222480783,0.020850207656621933,-0.0006514973356388509,-0.7991954684257507,0.6007091999053955,-0.27877384981097875,0.08885148785377535,0.3244570345284424,-0.08186609297990799,0.12666645646095276,-0.01827964372932911,0.396739940866828,-0.2654728913493455,-9.862201602458953
12.6,3.0999999046325684,222.0,21.53276824951172,22.105932235717773,-79.78279599401394,40.459033509058536,266.41213749694833,0.023216554895043373,-0.0039343577809631824,-0.7999685406684875,0.5995797514915466,-0.27304797948552656,0.0998100321200452,0.32721696373073217,-0.005124284885823728,-0.03456487879157066,-0.07261520624160768,0.3913193526864052,-0.3356401918083429,-9.832963185310364
12.7,3.0999999046325684,226.0,21.63543701171875,21.811716079711914,-79.78279565025616,40.4590337754175,266.46444081115726,0.024492178112268448,-0.0011733692372217774,-0.8000021576881409,0.5994960069656372,-0.2840025731155999,0.1119072973717145,0.3330641317956493,0.08330420404672623,-0.01574067212641239,0.007679673843085766,0.14194069401361048,-0.3596321947127581,-9.527059081792833
12.9,3.0,226.0,21.55655670166016,21.620872497558594,-79.78279515972568,40.45903419330993,266.56368087577823,0.029618460685014725,-0.0006828283076174557,-0.7981420755386353,0.6017404198646545,-0.2928142115927558,0.0925956237273517,0.3337083426283408,0.008229665458202362,0.1587935984134674,-0.1310848593711853,0.1842105722799897,-0.4512491469830275,-9.640839466452599
13.01,3.0,228.0,21.620410919189453,22.018461227416992,-79.78279498321237,40.459034407834245,266.59792875099185,0.031224349513649937,-0.003265189938247204,-0.7965881228446959,0.6037067770957947,-0.2818877141384681,0.09026379890795552,0.3165356872989871,-0.016399046406149864,0.018656050786376,-0.09619775414466858,0.297402270231396,-0.362948881611228,-9.451279166936876
13.2,2.9000000953674316,227.0,21.457645416259766,22.59099006652832,-79.78279446393447,40.45903475841043,266.6813237552643,0.03043644316494465,0.00035462115192785865,-0.7936180233955383,0.6076544523239136,-0.2554222627777263,0.10467992208245427,0.2737381700916432,-0.08014307916164398,-0.141659215092659,-0.0577763244509697,0.3382803924009204,-0.2762602002359927,-9.470702447891236
13.31,2.9000000953674316,227.0,22.499351501464844,13.494160652160645,-79.78279429333006,40.4590349405287,266.70915268707284,0.02701434679329396,0.0012760421959683301,-0.7924973368644714,0.6092755794525146,-0.2373079417756287,0.09068573153075726,0.2495243910253941,-0.001055946224369109,-0.03723248466849327,0.006803764961659907,0.13203494424931705,-0.3307043378055096,-8.727520753741265
13.5,2.799999952316284,228.0,21.269838333129886,26.11362648010254,-79.78279385162136,40.459035323498995,266.77205632972715,0.030768772587180138,0.0005610442021861672,-0.7903645634651184,0.611863374710083,-0.21814131530719635,0.07155351816640428,0.07177370736829666,0.06404200196266174,-0.010769560001790524,0.03202017396688461,0.30959939762949945,-0.11441375688649714,-8.902927283048633
13.6,2.799999952316284,225.0,21.202226638793945,27.234825134277344,-79.78279371393155,40.45903548761143,266.77887438583383,0.03481981158256532,0.00014591001672670245,-0.7891173362731934,0.613254725933075,-0.20151253382496026,0.06775682353342705,0.05470497155242005,0.024590214714407917,0.039933186024427414,-0.06210850179195404,0.38231822200119503,-0.38112177204340697,-10.118451150655748
13.81,2.799999952316284,226.0,20.73646354675293,30.4711971282959,-79.78279332407766,40.45903574080974,266.8278176670075,0.03398016467690468,-0.00029044447001069784,-0.7884274125099182,0.6141884922981262,-0.16657785860920282,0.060057996758599685,0.2133500929760552,0.002951444825157523,0.040534116327762604,-0.05179640278220177,0.3409498290717602,-0.4944473529607058,-10.631112799644473
13.9,2.799999952316284,226.0,20.705162048339844,32.228538513183594,-79.78279281878291,40.459035660094244,266.9029636268616,0.03273668512701988,0.0013955720933154225,-0.7885356545448303,0.6141155958175659,-0.12819998522989953,0.11264875206926975,0.4153453851266812,0.03780674189329146,0.033065661787986755,-0.0309810433536768,0.39179805692285297,-0.3516922971233726,-11.447455440759661
14.11,2.700000047683716,230.0,20.161771774291992,36.88032913208008,-79.7827925957127,40.459035762010615,267.0225126628876,0.03438838571310043,0.000224009359953925,-0.7883898019790649,0.6142141819000244,-0.08887427713938456,0.09929977871261286,0.7792493567116455,0.031863078474998474,-0.06340129673480988,0.055203452706336975,0.461362564265728,-0.2811063908413053,-11.705060373544693
14.2,2.5999999046325684,230.0,20.14299201965332,36.36346054077149,-79.78279240136989,40.459035764601865,267.1154947166443,0.03070494905114174,-0.0008302014321088791,-0.7885407805442809,0.6142148971557617,-0.07923234286971056,0.1013218764028422,0.9961507282185316,-0.11508678644895555,-0.05918650329113007,-0.019395338371396058,0.3978724003583193,-0.229164386484772,-12.228683212995527
14.4,2.5999999046325684,232.0,20.09666633605957,37.30972290039063,-79.78279220009189,40.45903571971151,267.3719918613434,0.019820809364318848,-0.0013397203292697668,-0.78843754529953,0.6147940754890442,-0.02475655680743236,0.08907448058506319,1.4772169366268664,-0.07623711973428726,-0.05542741343379021,0.1032867506146431,0.3222564633563161,-0.1859500823915005,-12.179894045591354
14.5,2.5,234.0,20.06661605834961,37.55622863769531,-79.78279216679397,40.4590356847401,267.53156374740604,0.017692245543003082,-0.0034088834654539824,-0.7883763313293457,0.6149294972419739,-0.02522332228806585,0.0791901753856453,1.7143893455008492,-0.1787017285823822,0.033962134271860116,0.05502673238515854,0.4331233997270465,-0.16509825356304647,-12.211134549379349
14.7,2.5999999046325684,231.0,19.90009307861328,39.1624870300293,-79.7827919652433,40.45903557948702,267.92895911979684,0.005362014286220075,-0.004575480706989765,-0.7906104922294617,0.6122788786888123,-0.00681322629057291,0.11244947966369148,2.168204758499478,-0.06493489444255829,-0.1166566014289856,0.011887394823133944,0.37272498764097695,-0.12550264505669476,-12.10333762049675
14.8,2.700000047683716,231.0,20.05660057067871,36.617919921875,-79.78279188081653,40.459035559579895,268.1571540718079,-0.0036035983357578533,-0.0019351337105035786,-0.7935075759887695,0.6085467338562012,-0.014057835619012313,0.11631624952074952,2.391239816427874,-0.10797946900129317,-0.11448737978935244,0.026673987507820133,0.15288603303954007,-0.11050572462379933,-11.898793830871586
15.0,2.799999952316284,231.0,20.04533195495605,37.15863800048828,-79.78279148794195,40.45903552771717,268.69623564529417,0.001139244413934648,0.006775527261197567,-0.8011217713356018,0.5984620451927185,-0.01378662898908034,0.1071167457237294,2.7704250205217846,0.27419376373291016,0.08014899492263794,0.057252351194620126,0.15619150059297682,-0.09196626858785747,-11.643983867168426
15.1,2.799999952316284,231.0,20.02655029296875,37.087074279785156,-79.78279130481957,40.45903552094745,268.9810948257446,0.018095040693879128,0.01299476996064186,-0.8043661713600159,0.5937162041664124,-0.05926622849071084,0.1314487246497871,2.92721806558173,0.331129252910614,0.11271144449710845,0.10612069070339204,0.15314563114196064,-0.21779010850936176,-11.282255226373673
15.3,2.9000000953674316,228.0,20.06160926818848,36.450931549072266,-79.7827908135902,40.45903538675503,269.6107144241333,0.05219098553061485,0.015485151670873162,-0.8042712211608887,0.5917636156082153,-0.15707460316553115,0.2158080306931674,3.169146074124837,0.1912749409675598,0.19767241179943085,-0.044239971786737435,0.18972217602655286,-0.2002584018185735,-10.985305548906329
15.41,3.0,237.0,20.250667572021484,33.95407485961914,-79.78279047054306,40.459035247633466,269.97493265914915,0.0644928440451622,0.01156378909945488,-0.8010652661323547,0.5949802994728088,-0.17093801560614466,0.2645975047913862,3.2673827258593686,0.0508006177842617,0.24171388149261475,-0.08959290385246277,0.33326815914362673,-0.3801242005079985,-10.469382323026656
15.6,3.2000000476837163,236.0,20.27821350097656,32.689743041992195,-79.78279034761538,40.45903478031133,270.64068220901487,0.04641226679086685,-0.0010847835801541805,-0.7933584451675415,0.6069820523262024,-0.06082656493804646,0.3333313200376823,3.3778943063771982,-0.3325577974319458,-0.1870863735675812,-0.16657288372516632,0.3488169288262725,-0.3243349292501808,-10.359536529779435
15.7,3.2000000476837163,237.0,20.50107765197754,30.391679763793945,-79.78279018157903,40.45903461330322,270.9787034873964,0.024734947830438614,-0.004030877258628607,-0.7894679307937622,0.6132801175117493,0.07195472407603884,0.27603901881416604,3.414463092050318,-0.3462839424610138,-0.22049325704574585,-0.13211265206336975,0.17086514309048653,-0.13480499871075155,-9.950768208503725
15.9,3.5,234.0,20.59122657775879,28.9444580078125,-79.78279009689575,40.459033983217424,271.6761217002869,0.002007854636758566,-0.0028730898629873987,-0.7833866477012634,0.6215248703956604,0.29903134048368923,0.12450232596626876,3.3940094393245532,-0.04738221690058708,-0.06574089080095291,-0.04225755110383034,0.12143939662724736,-0.15129836780950429,-9.664724757671355
16.0,3.5,224.0,20.486053466796875,31.29818153381348,-79.78279009922456,40.45903368667359,272.01353024292,0.0010319789871573448,-0.0035539926029741764,-0.7822314500808716,0.6229769587516785,0.3108637790721893,0.1014125885819142,3.3530165303395285,0.05055370181798935,0.07047909498214723,-0.05953023955225945,0.21341600747779013,-0.1322997317556292,-9.566297991871837
16.2,3.700000047683716,223.0,20.52486801147461,29.18301010131836,-79.78279001081336,40.45903311788735,272.6464953308106,0.009510122239589693,-0.006565921008586884,-0.7822268605232239,0.6228864789009094,0.28553187679709124,0.1357235814195672,3.269316804112138,0.10690104216337204,0.13030700385570526,-0.0214077141135931,0.261104272082448,-0.1288395231217146,-9.555374808311463
16.3,3.700000047683716,223.0,20.695146560668945,28.483253479003906,-79.78278996822752,40.45903285949111,272.97227524566654,0.015080682933330538,-0.006139868870377541,-0.7829853892326355,0.6218270063400269,0.2420393918892272,0.17911055939316284,3.2395625531578496,0.012457850389182571,0.009727134369313715,0.15331435203552246,0.2385558005422353,-0.3075918657705188,-9.312954509854316
16.5,3.700000047683716,225.0,20.561176300048828,30.868785858154297,-79.78278984266953,40.45903254083589,273.5212235336304,0.01966447755694389,-0.010145027190446857,-0.7859939932823181,0.6178381443023682,0.17360353443694354,0.19689026043114533,3.0663355944655257,-0.011123521253466606,0.0407349169254303,0.008447481319308281,0.3499819499999285,-0.2327956170402468,-9.36056429386139
16.61,3.700000047683716,228.0,20.60374641418457,29.09554100036621,-79.78278980469709,40.45903232432129,273.8266491775513,0.016867203637957573,-0.011981295421719551,-0.7876036763191223,0.6158347129821777,0.16584547214318027,0.20707862278102,3.041399172666663,-0.14291025698184967,0.024728838354349136,0.052380841225385666,0.19822419203817845,-0.2485494595393539,-9.407951298952105
16.8,3.700000047683716,231.0,20.46226501464844,29.930477142333984,-79.78278980272593,40.45903173885987,274.4117684249878,0.01018103677779436,-0.017699478194117546,-0.7906073927879333,0.6119828820228577,0.20304647877364732,0.1598252553452731,2.9262888068043176,-0.05032733827829361,0.012398005463182926,0.014650189317762853,0.19728332022205,-0.2102264792472124,-9.388099417090416
16.9,3.799999952316284,234.0,20.55116081237793,28.817228317260746,-79.78278939389459,40.45903182750357,274.76021145629886,0.009730669669806956,-0.021045355126261708,-0.791393518447876,0.6108672022819519,0.15622962309528915,0.15720899551106565,2.9148216941750804,-0.015797099098563194,0.09688107669353484,-0.04684670269489288,0.3654560945928097,-0.05593415886629373,-9.708397611379624
17.1,3.700000047683716,241.0,20.57745361328125,29.74758529663086,-79.78278940349102,40.459031593762326,275.3431105499268,0.015865270048379898,-0.018421433866024017,-0.7911182045936584,0.6111800074577332,0.13529672430979714,0.16596737646926904,2.9008400270330217,0.14498813450336456,-0.0725516527891159,-0.04500286653637886,0.3797489188984037,-0.1883552249148488,-9.708895209431649
17.2,3.700000047683716,244.0,20.658836364746094,28.25265312194824,-79.7827889798167,40.45903170239154,275.68066071319583,0.01681486889719963,-0.01423693262040615,-0.7903784513473511,0.6122225522994995,0.05466887212389244,0.16384100579444427,2.9147834226287075,-0.06389428675174713,0.016946585848927498,-0.015825770795345306,0.3041771466471255,-0.2280950769223273,-9.744436340332033
17.4,3.9000000953674316,251.0,20.6337947845459,28.363977432250977,-79.78278893463572,40.45903130859181,276.3174090270996,0.011467774398624895,-0.019065460190176964,-0.7888230085372925,0.6142175793647766,0.06317007864340562,0.14094875492751824,2.921479879054317,-0.0567082092165947,-0.0385575033724308,-0.12600840628147125,0.4987601495906711,-0.2429847374930978,-9.734494904279707
17.5,3.9000000953674316,255.0,20.43597221374512,30.83697891235352,-79.7827889317918,40.45903124663046,276.6081089859009,0.009468435309827328,-0.021656269207596786,-0.7880567312240601,0.6151487231254578,0.07726486237079269,0.1508698526114341,2.878086754360779,0.05884433165192604,0.018271587789058685,-0.003793772077187896,0.6390484844148161,-0.2253935353830457,-9.555348495841027
17.7,4.099999904632568,260.0,20.51735496520996,27.86301612854004,-79.78278878451329,40.45903130486288,277.2421288375855,0.016207767650485042,-0.02847434766590595,-0.7864659428596497,0.6167641878128052,0.03541906707898659,0.17789579167159142,2.866287002278588,0.0019191484898328781,0.12353355437517165,-0.023872688412666317,0.7024390994757415,-0.15893305901437998,-9.583215156197546
17.8,4.099999904632568,266.0,20.733959197998047,26.837236404418945,-79.78278875920253,40.45903130507303,277.5277275924683,0.01914290338754654,-0.03228561952710152,-0.7867900133132935,0.6160784363746643,0.004928622176175297,0.20243326569027686,2.8274274423954457,-0.10843928903341292,0.027509592473506927,0.05930770188570024,0.5766190419718623,-0.1457850373070687,-9.160902929306033